case_id,task_id,task_name,trial,episode_seed,initial_state_index,initial_state_sha256,episode_id,episode_success,num_policy_queries,all_query_mismatches,all_query_mismatch_rate,eligible_queries,eligible_mismatches,eligible_mismatch_rate
libero90-task00-trial0,0,KITCHEN_SCENE10_close_the_top_drawer_of_the_cabinet,0,7,13,7770753833d2b838bda7deed575eb815bac6e7a57243d980034aedb12ee88c73,libero_90-task0-episode0-seed7,true,7,0,0.00000000,7,0,0.00000000
libero90-task00-trial1,0,KITCHEN_SCENE10_close_the_top_drawer_of_the_cabinet,1,8,14,6a50ee7a01412dc40d6c440913ade9e3a2cd12fcce23fa61b2070edee13e0b52,libero_90-task0-episode1-seed8,true,7,0,0.00000000,7,0,0.00000000
libero90-task00-trial2,0,KITCHEN_SCENE10_close_the_top_drawer_of_the_cabinet,2,9,15,c5757df641db2c8fcd83de4daf02a7d597012ee5e00a555ba123b08a11bbb191,libero_90-task0-episode2-seed9,true,6,0,0.00000000,6,0,0.00000000
libero90-task01-trial0,1,KITCHEN_SCENE10_close_the_top_drawer_of_the_cabinet_and_put_the_black_bowl_on_top_of_it,0,10,13,f3539d43042e203b15264af1683d951c0c3cf3ca68f1dbd08a762266802a4bfa,libero_90-task1-episode0-seed10,true,20,0,0.00000000,20,0,0.00000000
libero90-task01-trial1,1,KITCHEN_SCENE10_close_the_top_drawer_of_the_cabinet_and_put_the_black_bowl_on_top_of_it,1,11,14,0b443d40e27a74cb54d04177d5e05f2e07ed1b713aac60cd1cbe25693517b46b,libero_90-task1-episode1-seed11,true,18,0,0.00000000,18,0,0.00000000
libero90-task01-trial2,1,KITCHEN_SCENE10_close_the_top_drawer_of_the_cabinet_and_put_the_black_bowl_on_top_of_it,2,12,15,763ca92765bf2ff4ad84d890bd072fe6ceac4157ce9839d0a881cde3ff29528f,libero_90-task1-episode2-seed12,true,20,1,0.05000000,20,1,0.05000000
libero90-task02-trial0,2,KITCHEN_SCENE10_put_the_black_bowl_in_the_top_drawer_of_the_cabinet,0,13,13,5423e35f4aeca71d8a7f5033ca4de52979f47496403bdd558f7330499cee4a40,libero_90-task2-episode0-seed13,true,10,0,0.00000000,10,0,0.00000000
libero90-task02-trial1,2,KITCHEN_SCENE10_put_the_black_bowl_in_the_top_drawer_of_the_cabinet,1,14,14,e8aecff491647a9f827d44ecaec624a4e7d2ab96e7c1d12a467e37e49a52abfb,libero_90-task2-episode1-seed14,true,13,2,0.15384615,11,0,0.00000000
libero90-task02-trial2,2,KITCHEN_SCENE10_put_the_black_bowl_in_the_top_drawer_of_the_cabinet,2,15,15,745e0a3cdc31ec477177ae305a1e7743b8035b68cf94c1ed142b1341cb86f4c7,libero_90-task2-episode2-seed15,true,11,0,0.00000000,11,0,0.00000000
libero90-task03-trial0,3,KITCHEN_SCENE10_put_the_butter_at_the_back_in_the_top_drawer_of_the_cabinet_and_close_it,0,16,13,b46893669e6297e5b7cdc3c46139d9ec2fd9480f1a6642b8e29f454b69a0ed4b,libero_90-task3-episode0-seed16,true,19,1,0.05263158,19,1,0.05263158
libero90-task03-trial1,3,KITCHEN_SCENE10_put_the_butter_at_the_back_in_the_top_drawer_of_the_cabinet_and_close_it,1,17,14,8c0747f5ad8d65b633d7a7c8d79bd2b5b8d2d494ff65afd62c883401fdf4e773,libero_90-task3-episode1-seed17,true,18,0,0.00000000,18,0,0.00000000
libero90-task03-trial2,3,KITCHEN_SCENE10_put_the_butter_at_the_back_in_the_top_drawer_of_the_cabinet_and_close_it,2,18,15,8734ed0bbae00bf171cee1ad2d952b1f9759b2ec06446702534c48c106d4efdf,libero_90-task3-episode2-seed18,true,20,2,0.10000000,20,2,0.10000000
libero90-task04-trial0,4,KITCHEN_SCENE10_put_the_butter_at_the_front_in_the_top_drawer_of_the_cabinet_and_close_it,0,19,13,0609b5e12b259383602e1b689029cd4950d5c9b3ad20771f3f4bdb9161d403fa,libero_90-task4-episode0-seed19,true,17,1,0.05882353,17,1,0.05882353
libero90-task04-trial1,4,KITCHEN_SCENE10_put_the_butter_at_the_front_in_the_top_drawer_of_the_cabinet_and_close_it,1,20,14,8a9eea2ccbac227ea28b700a7de79646d54315875034b3b3d18810927aa244da,libero_90-task4-episode1-seed20,false,40,3,0.07500000,39,2,0.05128205
libero90-task04-trial2,4,KITCHEN_SCENE10_put_the_butter_at_the_front_in_the_top_drawer_of_the_cabinet_and_close_it,2,21,15,b17482d0b9ae71d26082ba22e86dee8b6521f56a21fdd7d3409a7e43b2bf8658,libero_90-task4-episode2-seed21,true,18,1,0.05555556,18,1,0.05555556
libero90-task05-trial0,5,KITCHEN_SCENE10_put_the_chocolate_pudding_in_the_top_drawer_of_the_cabinet_and_close_it,0,22,13,d03c88d858cf4570215c8883f8b3dd7f31370c695f8c643065d3f17af67d92cd,libero_90-task5-episode0-seed22,true,17,1,0.05882353,16,0,0.00000000
libero90-task05-trial1,5,KITCHEN_SCENE10_put_the_chocolate_pudding_in_the_top_drawer_of_the_cabinet_and_close_it,1,23,14,3022c5a19a70c18e3c5e957aad053d55f19bf723ec3d9c5152808f39d0edc5d3,libero_90-task5-episode1-seed23,true,30,1,0.03333333,29,0,0.00000000
libero90-task05-trial2,5,KITCHEN_SCENE10_put_the_chocolate_pudding_in_the_top_drawer_of_the_cabinet_and_close_it,2,24,15,0b4df0fe39d13e6c345c4827e2feb96ce4522f8ebe6bfc64f24166596b555b83,libero_90-task5-episode2-seed24,true,18,1,0.05555556,17,0,0.00000000
libero90-task06-trial0,6,KITCHEN_SCENE1_open_the_bottom_drawer_of_the_cabinet,0,25,13,9f6e2648253fab04c594fab386139c79d4d544f720b9f34801e50a23845be65c,libero_90-task6-episode0-seed25,false,40,6,0.15000000,40,6,0.15000000
libero90-task06-trial1,6,KITCHEN_SCENE1_open_the_bottom_drawer_of_the_cabinet,1,26,14,541507083a5f609e01e21dd5fc484368bc05aa1063853cc1610e07c8e211910c,libero_90-task6-episode1-seed26,true,12,3,0.25000000,12,3,0.25000000
libero90-task06-trial2,6,KITCHEN_SCENE1_open_the_bottom_drawer_of_the_cabinet,2,27,15,4d7140c7b45fad72d6585f9ee904dd70812c38cc143bfa770053455aeae4307a,libero_90-task6-episode2-seed27,true,13,1,0.07692308,13,1,0.07692308
libero90-task07-trial0,7,KITCHEN_SCENE1_open_the_top_drawer_of_the_cabinet,0,28,13,e4d1aeb838573e4d38f75c686ffdc05db27a5a84a9dce2dc241d658bdcca9763,libero_90-task7-episode0-seed28,true,11,1,0.09090909,11,1,0.09090909
libero90-task07-trial1,7,KITCHEN_SCENE1_open_the_top_drawer_of_the_cabinet,1,29,14,acd089746d1e9834851d7a9926dae3902ca36b44aaea1be790ac2001636c21a1,libero_90-task7-episode1-seed29,true,7,0,0.00000000,7,0,0.00000000
libero90-task07-trial2,7,KITCHEN_SCENE1_open_the_top_drawer_of_the_cabinet,2,30,15,088bb1f03c7bb69c2488cd79123c44a91fdb701a6af2ba14ba83de3198e9e230,libero_90-task7-episode2-seed30,true,7,0,0.00000000,7,0,0.00000000
libero90-task08-trial0,8,KITCHEN_SCENE1_open_the_top_drawer_of_the_cabinet_and_put_the_bowl_in_it,0,31,13,58216237c0ac38bb1dd38e5a0c3217d10be84913bba3bfa679064461004b6e86,libero_90-task8-episode0-seed31,true,19,0,0.00000000,19,0,0.00000000
libero90-task08-trial1,8,KITCHEN_SCENE1_open_the_top_drawer_of_the_cabinet_and_put_the_bowl_in_it,1,32,14,793afd4d36d4f1d538c9e4275914a09224f8205e74c005b2a526980c4597f4ee,libero_90-task8-episode1-seed32,true,20,2,0.10000000,19,1,0.05263158
libero90-task08-trial2,8,KITCHEN_SCENE1_open_the_top_drawer_of_the_cabinet_and_put_the_bowl_in_it,2,33,15,80cd32994349e51b4d862924a72ce98cbbb9798301bdc2b0641e9252d8bb147d,libero_90-task8-episode2-seed33,true,19,2,0.10526316,18,1,0.05555556
libero90-task09-trial0,9,KITCHEN_SCENE1_put_the_black_bowl_on_the_plate,0,34,13,8b6c5e39a0701dc335edf989953b1011ee6c12ea554eda3437b67e2885bf45c4,libero_90-task9-episode0-seed34,true,13,0,0.00000000,13,0,0.00000000
libero90-task09-trial1,9,KITCHEN_SCENE1_put_the_black_bowl_on_the_plate,1,35,14,d4c5c4219a84b14a9d0156724b8b445512bd1fa810e90a12d26932216ff7f050,libero_90-task9-episode1-seed35,true,13,1,0.07692308,12,0,0.00000000
libero90-task09-trial2,9,KITCHEN_SCENE1_put_the_black_bowl_on_the_plate,2,36,15,67537fc3475c3de434fbae99c704f6d7914b3d4bcde45f4dd8e4e1b7f204be59,libero_90-task9-episode2-seed36,true,11,1,0.09090909,11,1,0.09090909
libero90-task10-trial0,10,KITCHEN_SCENE1_put_the_black_bowl_on_top_of_the_cabinet,0,37,13,f57b006f45a5e7c848fc222924952c2f45c32aaa1aeee63c4902e1ee1197d946,libero_90-task10-episode0-seed37,true,12,0,0.00000000,12,0,0.00000000
libero90-task10-trial1,10,KITCHEN_SCENE1_put_the_black_bowl_on_top_of_the_cabinet,1,38,14,564c42186510976e751207553ad3fe24f41557b18af3f58de8b97a61c32db8de,libero_90-task10-episode1-seed38,true,13,0,0.00000000,13,0,0.00000000
libero90-task10-trial2,10,KITCHEN_SCENE1_put_the_black_bowl_on_top_of_the_cabinet,2,39,15,a9ffb8c89bf91e529356d6b27f08b138ac9e78253b4c50d8ae88a89007b33ceb,libero_90-task10-episode2-seed39,true,14,1,0.07142857,13,0,0.00000000
libero90-task11-trial0,11,KITCHEN_SCENE2_open_the_top_drawer_of_the_cabinet,0,40,13,d1b96de4f3e09544a90b019f686b975d1281060ebced499150fff7ef30bc6b68,libero_90-task11-episode0-seed40,true,7,1,0.14285714,7,1,0.14285714
libero90-task11-trial1,11,KITCHEN_SCENE2_open_the_top_drawer_of_the_cabinet,1,41,14,eaed5a32a38b813fd1676a07c69686716f29c159b215ac2aff488ba9260d2c52,libero_90-task11-episode1-seed41,true,7,0,0.00000000,7,0,0.00000000
libero90-task11-trial2,11,KITCHEN_SCENE2_open_the_top_drawer_of_the_cabinet,2,42,15,1dfa088958786aa839afe410cd49ab25a18ba883c415069bac3dba6328f4d387,libero_90-task11-episode2-seed42,true,19,0,0.00000000,19,0,0.00000000
libero90-task12-trial0,12,KITCHEN_SCENE2_put_the_black_bowl_at_the_back_on_the_plate,0,43,13,e10afcf965930e489481fc1c0f9146db60a8238d72a35595edc950427a863b66,libero_90-task12-episode0-seed43,true,9,0,0.00000000,9,0,0.00000000
libero90-task12-trial1,12,KITCHEN_SCENE2_put_the_black_bowl_at_the_back_on_the_plate,1,44,14,61b5892333871611382fe7957b31a1a22c5785b52b1b103311ec92a033f2848d,libero_90-task12-episode1-seed44,false,40,3,0.07500000,40,3,0.07500000
libero90-task12-trial2,12,KITCHEN_SCENE2_put_the_black_bowl_at_the_back_on_the_plate,2,45,15,826b5dcc21c724aeaac6afcd645bfaf8e2c51d13c1964ec785f9bb1aaad59302,libero_90-task12-episode2-seed45,true,10,1,0.10000000,10,1,0.10000000
libero90-task13-trial0,13,KITCHEN_SCENE2_put_the_black_bowl_at_the_front_on_the_plate,0,46,13,81c8a52a3083994441c4883033c89a08e4c7a1be70f3155790e76add400c4d08,libero_90-task13-episode0-seed46,true,11,1,0.09090909,10,0,0.00000000
libero90-task13-trial1,13,KITCHEN_SCENE2_put_the_black_bowl_at_the_front_on_the_plate,1,47,14,41b2c65da155e253524d3a33c3102ad782963b5e4386c8d125c316bfa732dc77,libero_90-task13-episode1-seed47,true,10,0,0.00000000,10,0,0.00000000
libero90-task13-trial2,13,KITCHEN_SCENE2_put_the_black_bowl_at_the_front_on_the_plate,2,48,15,924f3919c20de5dd5a8be16ac73ab53b1ff96caa08ff8749785062ff581b44c3,libero_90-task13-episode2-seed48,true,10,0,0.00000000,10,0,0.00000000
libero90-task14-trial0,14,KITCHEN_SCENE2_put_the_middle_black_bowl_on_the_plate,0,49,13,62cceb2a8ed417c712eb67073b6de873a92b4501e9f1071533367e879abc36d1,libero_90-task14-episode0-seed49,true,11,1,0.09090909,10,0,0.00000000
libero90-task14-trial1,14,KITCHEN_SCENE2_put_the_middle_black_bowl_on_the_plate,1,50,14,b96423187f99be63c70ea1e590c35357b8648d6873dc17085a2dcde37e05da5c,libero_90-task14-episode1-seed50,true,9,1,0.11111111,8,0,0.00000000
libero90-task14-trial2,14,KITCHEN_SCENE2_put_the_middle_black_bowl_on_the_plate,2,51,15,1838467da87d40dece4b4a28885448179e893d6b8dbc9305b74332b289914c9a,libero_90-task14-episode2-seed51,true,10,0,0.00000000,10,0,0.00000000
libero90-task15-trial0,15,KITCHEN_SCENE2_put_the_middle_black_bowl_on_top_of_the_cabinet,0,52,13,b8bdf066beb742a2a2f58138ef0d198de758806301b809b9d44bc95202afcfaa,libero_90-task15-episode0-seed52,true,13,1,0.07692308,12,0,0.00000000
libero90-task15-trial1,15,KITCHEN_SCENE2_put_the_middle_black_bowl_on_top_of_the_cabinet,1,53,14,cca26777ecdaee45d2e56a381d83f8aa110ce1cd34815a69c94c04be90f930f3,libero_90-task15-episode1-seed53,true,12,1,0.08333333,12,1,0.08333333
libero90-task15-trial2,15,KITCHEN_SCENE2_put_the_middle_black_bowl_on_top_of_the_cabinet,2,54,15,7ffc1460d77a825a2306ba2fe16c25934918edf1c5d613a3843b69d2c4424cc1,libero_90-task15-episode2-seed54,true,13,0,0.00000000,13,0,0.00000000
libero90-task16-trial0,16,KITCHEN_SCENE2_stack_the_black_bowl_at_the_front_on_the_black_bowl_in_the_middle,0,55,13,cbae1a865578cdf5cd6818fa465c59acf53645e64fd4633b0fc58dca539ac057,libero_90-task16-episode0-seed55,true,11,0,0.00000000,11,0,0.00000000
libero90-task16-trial1,16,KITCHEN_SCENE2_stack_the_black_bowl_at_the_front_on_the_black_bowl_in_the_middle,1,56,14,2b49715ebfc165b69642830533d00d9f7325c97bcfab0d2aec42f351f2f86554,libero_90-task16-episode1-seed56,true,12,1,0.08333333,12,1,0.08333333
libero90-task16-trial2,16,KITCHEN_SCENE2_stack_the_black_bowl_at_the_front_on_the_black_bowl_in_the_middle,2,57,15,ff1045e5eaa4bf353366f917249d63d28c60908ffa0c9fe228f3497cbaf2165d,libero_90-task16-episode2-seed57,true,12,0,0.00000000,12,0,0.00000000
libero90-task17-trial0,17,KITCHEN_SCENE2_stack_the_middle_black_bowl_on_the_back_black_bowl,0,58,13,6795c5366ce5b04db564ec68d99456fc447a8118664bc3ddb596bc48cf869271,libero_90-task17-episode0-seed58,true,9,0,0.00000000,9,0,0.00000000
libero90-task17-trial1,17,KITCHEN_SCENE2_stack_the_middle_black_bowl_on_the_back_black_bowl,1,59,14,7aaea64a2588f293788bbbf4e1d0ff8055137c27d1158bac01eb6fe2dc4533e4,libero_90-task17-episode1-seed59,true,13,2,0.15384615,12,1,0.08333333
libero90-task17-trial2,17,KITCHEN_SCENE2_stack_the_middle_black_bowl_on_the_back_black_bowl,2,60,15,829ada4f7875647b332eb96f99749b89a49670ba0ec4a39e6ae1d36a65db887a,libero_90-task17-episode2-seed60,true,9,0,0.00000000,9,0,0.00000000
libero90-task18-trial0,18,KITCHEN_SCENE3_put_the_frying_pan_on_the_stove,0,61,13,b74f014339a3cdb1e663cf8fd02d9b7269e5a741a8c1b6d81c9556482c38ef4a,libero_90-task18-episode0-seed61,true,35,0,0.00000000,35,0,0.00000000
libero90-task18-trial1,18,KITCHEN_SCENE3_put_the_frying_pan_on_the_stove,1,62,14,31977c7f7e3a88e3b5615c2bc73c9f6f078825bf81f695c5efd699583d059132,libero_90-task18-episode1-seed62,true,18,1,0.05555556,18,1,0.05555556
libero90-task18-trial2,18,KITCHEN_SCENE3_put_the_frying_pan_on_the_stove,2,63,15,edf380d121f87dee2a94176b32aeee531d8183036e4dc0a533d85e10e38b44ba,libero_90-task18-episode2-seed63,true,18,2,0.11111111,17,1,0.05882353
libero90-task19-trial0,19,KITCHEN_SCENE3_put_the_moka_pot_on_the_stove,0,64,13,83635392400f9d27cc34ff7a78518ebdc31d3d4c92dd4fcda5d3e830ca45db1b,libero_90-task19-episode0-seed64,true,14,0,0.00000000,14,0,0.00000000
libero90-task19-trial1,19,KITCHEN_SCENE3_put_the_moka_pot_on_the_stove,1,65,14,34e82827615ce9c6a1b919e90444821653e4d620cc4f222fe72ab4d8eeb6d531,libero_90-task19-episode1-seed65,true,13,0,0.00000000,13,0,0.00000000
libero90-task19-trial2,19,KITCHEN_SCENE3_put_the_moka_pot_on_the_stove,2,66,15,ed8748922dbf764669eb625bf72c2203270c364c0c7bd7760425914d568e9e38,libero_90-task19-episode2-seed66,true,14,1,0.07142857,13,0,0.00000000
libero90-task20-trial0,20,KITCHEN_SCENE3_turn_on_the_stove,0,67,13,8796703ae15fde3cb598af1649978e1f64993432fa1da0f1990e46f6e9178a1f,libero_90-task20-episode0-seed67,true,8,0,0.00000000,8,0,0.00000000
libero90-task20-trial1,20,KITCHEN_SCENE3_turn_on_the_stove,1,68,14,8cacd745e68c37a213b702a58b7451fe88943515b3c59589e761774899b6a779,libero_90-task20-episode1-seed68,true,9,0,0.00000000,9,0,0.00000000
libero90-task20-trial2,20,KITCHEN_SCENE3_turn_on_the_stove,2,69,15,961264ec9cd563f3dabbb1944b7f9ed91bab726fed7efcdb9cfaf5422e82d606,libero_90-task20-episode2-seed69,true,9,1,0.11111111,9,1,0.11111111
libero90-task21-trial0,21,KITCHEN_SCENE3_turn_on_the_stove_and_put_the_frying_pan_on_it,0,70,13,9ba64929cb96d661f6d5471458fb381626980ca5280f434c589740d19c224971,libero_90-task21-episode0-seed70,true,25,1,0.04000000,24,0,0.00000000
libero90-task21-trial1,21,KITCHEN_SCENE3_turn_on_the_stove_and_put_the_frying_pan_on_it,1,71,14,eca8d5f5ece26c57ff537df09f01f31e190e7dac9796abb59f124515437b0c49,libero_90-task21-episode1-seed71,true,25,2,0.08000000,25,2,0.08000000
libero90-task21-trial2,21,KITCHEN_SCENE3_turn_on_the_stove_and_put_the_frying_pan_on_it,2,72,15,3b77f82c38e68988c58b40d4c44740b7ecb27c3d71d1253de6e1ee512ccd26e8,libero_90-task21-episode2-seed72,true,30,1,0.03333333,29,0,0.00000000
libero90-task22-trial0,22,KITCHEN_SCENE4_close_the_bottom_drawer_of_the_cabinet,0,73,13,d0b7efda440dd4e87a6fca7182b52256d0443dc6809c37e2a43f69fd534aeebd,libero_90-task22-episode0-seed73,true,14,2,0.14285714,13,1,0.07692308
libero90-task22-trial1,22,KITCHEN_SCENE4_close_the_bottom_drawer_of_the_cabinet,1,74,14,33d79728be1833fb9000b74be77887224550021eb0eb43e029481bf465b989bc,libero_90-task22-episode1-seed74,true,14,2,0.14285714,13,1,0.07692308
libero90-task22-trial2,22,KITCHEN_SCENE4_close_the_bottom_drawer_of_the_cabinet,2,75,15,59607ef15699ff1e1491bce3440ee2ba57c7c5b15764568d9bf617a6c9e4b402,libero_90-task22-episode2-seed75,true,11,2,0.18181818,9,0,0.00000000
libero90-task23-trial0,23,KITCHEN_SCENE4_close_the_bottom_drawer_of_the_cabinet_and_open_the_top_drawer,0,76,13,4a133d1bc718f9617d17b55ffd51bb0589e3adf6c30e1ae8490cc05481c35338,libero_90-task23-episode0-seed76,false,40,0,0.00000000,40,0,0.00000000
libero90-task23-trial1,23,KITCHEN_SCENE4_close_the_bottom_drawer_of_the_cabinet_and_open_the_top_drawer,1,77,14,ef1186d5e0ff2ba4b5c8bde7f9e5a628dac4883b7884424b49014f1779f26287,libero_90-task23-episode1-seed77,false,40,2,0.05000000,40,2,0.05000000
libero90-task23-trial2,23,KITCHEN_SCENE4_close_the_bottom_drawer_of_the_cabinet_and_open_the_top_drawer,2,78,15,509a942eaaa69dc52aa30631adf5989bc38b6a3cf9fd5db2eb8ef5ce74e0c9e8,libero_90-task23-episode2-seed78,true,21,0,0.00000000,21,0,0.00000000
libero90-task24-trial0,24,KITCHEN_SCENE4_put_the_black_bowl_in_the_bottom_drawer_of_the_cabinet,0,79,13,e868761aad91b0c4a4da90e7586e6e124589c1839c3476e66128424df2456841,libero_90-task24-episode0-seed79,false,40,3,0.07500000,40,3,0.07500000
libero90-task24-trial1,24,KITCHEN_SCENE4_put_the_black_bowl_in_the_bottom_drawer_of_the_cabinet,1,80,14,5950be9d083550bbc4a8c134dfa2a3630018c7804c8f95e59a1394a7af1e0578,libero_90-task24-episode1-seed80,true,13,0,0.00000000,13,0,0.00000000
libero90-task24-trial2,24,KITCHEN_SCENE4_put_the_black_bowl_in_the_bottom_drawer_of_the_cabinet,2,81,15,1615acb416af880378be5cd5b6532f75fbc0fe4ddabf92c92386a05d1e3f26fa,libero_90-task24-episode2-seed81,true,11,0,0.00000000,11,0,0.00000000
libero90-task25-trial0,25,KITCHEN_SCENE4_put_the_black_bowl_on_top_of_the_cabinet,0,82,13,ed21ca998d245d3ce44e67c45abc8e94910f9943fb48adb7293ef667b50b890d,libero_90-task25-episode0-seed82,false,40,1,0.02500000,39,0,0.00000000
libero90-task25-trial1,25,KITCHEN_SCENE4_put_the_black_bowl_on_top_of_the_cabinet,1,83,14,597f1c1832c40c06840c9a01fdc1443ae5d9f0bdafcd70da94fdd09b8eb125ab,libero_90-task25-episode1-seed83,true,14,0,0.00000000,14,0,0.00000000
libero90-task25-trial2,25,KITCHEN_SCENE4_put_the_black_bowl_on_top_of_the_cabinet,2,84,15,4832d21d2ee39494ce0f26d98bbf4f6644043c35176d22af408fae64b60fe956,libero_90-task25-episode2-seed84,true,38,0,0.00000000,38,0,0.00000000
libero90-task26-trial0,26,KITCHEN_SCENE4_put_the_wine_bottle_in_the_bottom_drawer_of_the_cabinet,0,85,13,a94d18d9089ebf6c8c3c0bd3f60fa0b03053629d6c28d012e298931d27efa4ca,libero_90-task26-episode0-seed85,true,12,0,0.00000000,12,0,0.00000000
libero90-task26-trial1,26,KITCHEN_SCENE4_put_the_wine_bottle_in_the_bottom_drawer_of_the_cabinet,1,86,14,ec374a352565a1451671cb93e715a6560ed2d5a10cdbbfc93629a8f0ac0f182b,libero_90-task26-episode1-seed86,true,12,1,0.08333333,11,0,0.00000000
libero90-task26-trial2,26,KITCHEN_SCENE4_put_the_wine_bottle_in_the_bottom_drawer_of_the_cabinet,2,87,15,33b8b523dbca2e36db3cc35136e7a0bb65cccb5b409910356811526d2977bd18,libero_90-task26-episode2-seed87,true,12,1,0.08333333,12,1,0.08333333
libero90-task27-trial0,27,KITCHEN_SCENE4_put_the_wine_bottle_on_the_wine_rack,0,88,13,83298178a5e4c2480d9feb3dba03a7ab098fe5014afadeaa91ca66f9d1f63737,libero_90-task27-episode0-seed88,true,21,5,0.23809524,18,2,0.11111111
libero90-task27-trial1,27,KITCHEN_SCENE4_put_the_wine_bottle_on_the_wine_rack,1,89,14,75737e57de2ea0fc2132e2e59c941fa31267094ac19f6e16d0766e31e1ac1af4,libero_90-task27-episode1-seed89,false,40,8,0.20000000,37,5,0.13513514
libero90-task27-trial2,27,KITCHEN_SCENE4_put_the_wine_bottle_on_the_wine_rack,2,90,15,fa08258009905441846d52ed6027103f0f14e404d56c8d06e3df7d8ffeec8f08,libero_90-task27-episode2-seed90,true,21,5,0.23809524,18,2,0.11111111
libero90-task28-trial0,28,KITCHEN_SCENE5_close_the_top_drawer_of_the_cabinet,0,91,13,b89f29090b3d455ad1c3fa461d66ecf8e21c163287ef08d2d8e4833bbaf08bdb,libero_90-task28-episode0-seed91,true,7,0,0.00000000,7,0,0.00000000
libero90-task28-trial1,28,KITCHEN_SCENE5_close_the_top_drawer_of_the_cabinet,1,92,14,e41cd1a40d6dcf41eec17ceaab948c8d38bd5cdcf2532313058e82a09571ee3a,libero_90-task28-episode1-seed92,true,8,0,0.00000000,8,0,0.00000000
libero90-task28-trial2,28,KITCHEN_SCENE5_close_the_top_drawer_of_the_cabinet,2,93,15,be31b84a8cc339b01810b4adfd351139812bd9c435f2bd5763d23fad8ddc2442,libero_90-task28-episode2-seed93,true,7,0,0.00000000,7,0,0.00000000
libero90-task29-trial0,29,KITCHEN_SCENE5_put_the_black_bowl_in_the_top_drawer_of_the_cabinet,0,94,13,858cc9f6cf495cc3dea15afcd79c1926d47034855c0cb2424e4baa5f28191da9,libero_90-task29-episode0-seed94,true,11,1,0.09090909,10,0,0.00000000
libero90-task29-trial1,29,KITCHEN_SCENE5_put_the_black_bowl_in_the_top_drawer_of_the_cabinet,1,95,14,ca4e9e396e1b84f8f93cdd81221be0a198afc9b1d3a5b7ff360354ef9d62dab0,libero_90-task29-episode1-seed95,true,12,0,0.00000000,12,0,0.00000000
libero90-task29-trial2,29,KITCHEN_SCENE5_put_the_black_bowl_in_the_top_drawer_of_the_cabinet,2,96,15,87f6461462452d9cd0d776269e330fd462e207bc49477dda616666964ba984a9,libero_90-task29-episode2-seed96,true,13,1,0.07692308,13,1,0.07692308
libero90-task30-trial0,30,KITCHEN_SCENE5_put_the_black_bowl_on_the_plate,0,97,13,14fd094b3374e2b0c37ab298584275d4e36579c14f6c800f960485164bf6144a,libero_90-task30-episode0-seed97,true,12,0,0.00000000,12,0,0.00000000
libero90-task30-trial1,30,KITCHEN_SCENE5_put_the_black_bowl_on_the_plate,1,98,14,ee7b95269c1a233456c4a64c4052ab661c03d1ebe25cce9172660a2a9dd0678f,libero_90-task30-episode1-seed98,true,11,0,0.00000000,11,0,0.00000000
libero90-task30-trial2,30,KITCHEN_SCENE5_put_the_black_bowl_on_the_plate,2,99,15,33646785ed0c7ef606e4fbb0564b3a2e5f9122e304ea711493f97330b034a29c,libero_90-task30-episode2-seed99,true,12,0,0.00000000,12,0,0.00000000
libero90-task31-trial0,31,KITCHEN_SCENE5_put_the_black_bowl_on_top_of_the_cabinet,0,100,13,5f014363282d93e4d5e02ffdd5238c2d6a4c5083837739a865cfbc923fb82d41,libero_90-task31-episode0-seed100,true,14,0,0.00000000,14,0,0.00000000
libero90-task31-trial1,31,KITCHEN_SCENE5_put_the_black_bowl_on_top_of_the_cabinet,1,101,14,2803ca73f409ddcc57e770a4bd60690ad292336e4f82dcaa7fa43e61eee95030,libero_90-task31-episode1-seed101,true,15,0,0.00000000,15,0,0.00000000
libero90-task31-trial2,31,KITCHEN_SCENE5_put_the_black_bowl_on_top_of_the_cabinet,2,102,15,0640cd6f697911e70a68c9bc3d9c37073bafbf5c576169d0a5dcc6b4c25a5121,libero_90-task31-episode2-seed102,true,15,1,0.06666667,15,1,0.06666667
libero90-task32-trial0,32,KITCHEN_SCENE5_put_the_ketchup_in_the_top_drawer_of_the_cabinet,0,103,13,c0030bc1cbf45ad463fd9c29dc7c792166e2d2564dcae084f4736a1420ec898d,libero_90-task32-episode0-seed103,false,40,11,0.27500000,33,4,0.12121212
libero90-task32-trial1,32,KITCHEN_SCENE5_put_the_ketchup_in_the_top_drawer_of_the_cabinet,1,104,14,08197f6f044e69bac2025e0422bedd36b8e86fbb635793ff7026f1e4a2933ebf,libero_90-task32-episode1-seed104,false,40,2,0.05000000,40,2,0.05000000
libero90-task32-trial2,32,KITCHEN_SCENE5_put_the_ketchup_in_the_top_drawer_of_the_cabinet,2,105,15,7b13e5842641b5610898aa720211efadb01c3cc0cd4b355542f659dd68ef2752,libero_90-task32-episode2-seed105,true,20,1,0.05000000,20,1,0.05000000
libero90-task33-trial0,33,KITCHEN_SCENE6_close_the_microwave,0,106,13,8d23b29a9962dc95321e67be70a7a7e29cc18d8c500e413e5ab69ea7974202e5,libero_90-task33-episode0-seed106,true,18,1,0.05555556,17,0,0.00000000
libero90-task33-trial1,33,KITCHEN_SCENE6_close_the_microwave,1,107,14,0c9b0da4677988a482d060bf56a010d086da2192b0248a2772592a061a6315c3,libero_90-task33-episode1-seed107,true,22,1,0.04545455,22,1,0.04545455
libero90-task33-trial2,33,KITCHEN_SCENE6_close_the_microwave,2,108,15,c36c8e29d54bb3236a287101de7b5c1c385099e91174bb7dfcce431bfa934f02,libero_90-task33-episode2-seed108,true,18,0,0.00000000,18,0,0.00000000
libero90-task34-trial0,34,KITCHEN_SCENE6_put_the_yellow_and_white_mug_to_the_front_of_the_white_mug,0,109,13,b9dc4d7048cf27707b9d68e7aaeaf6d9a52dc6b0e2941364e22d1b33ad88fba8,libero_90-task34-episode0-seed109,true,12,0,0.00000000,12,0,0.00000000
libero90-task34-trial1,34,KITCHEN_SCENE6_put_the_yellow_and_white_mug_to_the_front_of_the_white_mug,1,110,14,81387ba44032f0e9e075430b4d9f84bcb4e00592f117a1cee543a5e5ff15a526,libero_90-task34-episode1-seed110,true,11,1,0.09090909,10,0,0.00000000
libero90-task34-trial2,34,KITCHEN_SCENE6_put_the_yellow_and_white_mug_to_the_front_of_the_white_mug,2,111,15,e3caed2d25a5a3d609ec740e48a5e71ef1cff40529c14a142a59411e101a9474,libero_90-task34-episode2-seed111,true,12,0,0.00000000,12,0,0.00000000
libero90-task35-trial0,35,KITCHEN_SCENE7_open_the_microwave,0,112,13,ff2e198b967939a9d2e5dd7e832ea6245dd0839617ee9067f7a4e85a986f497c,libero_90-task35-episode0-seed112,true,13,1,0.07692308,13,1,0.07692308
libero90-task35-trial1,35,KITCHEN_SCENE7_open_the_microwave,1,113,14,74ed4a51c0e71bf0b9e58426725b975761bb853048610b93570b9ad1905ff1ab,libero_90-task35-episode1-seed113,true,16,1,0.06250000,15,0,0.00000000
libero90-task35-trial2,35,KITCHEN_SCENE7_open_the_microwave,2,114,15,21f5f7b95b606e47a0ccb1164099147ba445c542866421f1c6140a6b696e72e9,libero_90-task35-episode2-seed114,true,13,1,0.07692308,13,1,0.07692308
libero90-task36-trial0,36,KITCHEN_SCENE7_put_the_white_bowl_on_the_plate,0,115,13,29fe5982128f9b931fea088be1409180854f4d1fc731e537ebe849737b162f9c,libero_90-task36-episode0-seed115,true,23,2,0.08695652,21,0,0.00000000
libero90-task36-trial1,36,KITCHEN_SCENE7_put_the_white_bowl_on_the_plate,1,116,14,2e43e0292e1ae664d5a74657ae168506352f9b7f1672c7a72f934e75642b690b,libero_90-task36-episode1-seed116,true,16,1,0.06250000,15,0,0.00000000
libero90-task36-trial2,36,KITCHEN_SCENE7_put_the_white_bowl_on_the_plate,2,117,15,f2a3b2599bddbd0480aa9fba4a4d0ef758ed2747f96a95d296ab3f0025aaa92d,libero_90-task36-episode2-seed117,true,16,1,0.06250000,15,0,0.00000000
libero90-task37-trial0,37,KITCHEN_SCENE7_put_the_white_bowl_to_the_right_of_the_plate,0,118,13,540b214d13f2d96ec402471898e9a0e7a86a25a714fec642285a0e33a7e2e7ac,libero_90-task37-episode0-seed118,true,12,1,0.08333333,11,0,0.00000000
libero90-task37-trial1,37,KITCHEN_SCENE7_put_the_white_bowl_to_the_right_of_the_plate,1,119,14,021cd7cbe174e2aac457a648890d38ab7b38464e34428d4d40dcbe7a66be25d0,libero_90-task37-episode1-seed119,true,13,0,0.00000000,13,0,0.00000000
libero90-task37-trial2,37,KITCHEN_SCENE7_put_the_white_bowl_to_the_right_of_the_plate,2,120,15,eebbb67aaf2b39ff0c38e6e51c7da3c9a27acf2a703af19fe0c2574e3fd2b6d6,libero_90-task37-episode2-seed120,true,11,1,0.09090909,10,0,0.00000000
libero90-task38-trial0,38,KITCHEN_SCENE8_put_the_right_moka_pot_on_the_stove,0,121,13,aab70ca2424cc52d61ebef14e350eb7ca8376e8f872cfc3874b748a974211fb2,libero_90-task38-episode0-seed121,false,40,3,0.07500000,39,2,0.05128205
libero90-task38-trial1,38,KITCHEN_SCENE8_put_the_right_moka_pot_on_the_stove,1,122,14,ffe67980c5b49b12be9e63f3accbecc8bf8274d512fb66534f3cc1f9d182a54f,libero_90-task38-episode1-seed122,true,21,2,0.09523810,20,1,0.05000000
libero90-task38-trial2,38,KITCHEN_SCENE8_put_the_right_moka_pot_on_the_stove,2,123,15,868f652bb1caf0060fc82bbd233cb757534286e79e91eabbc7297ea581c9288f,libero_90-task38-episode2-seed123,true,18,3,0.16666667,16,1,0.06250000
libero90-task39-trial0,39,KITCHEN_SCENE8_turn_off_the_stove,0,124,13,688e89e8e475c13f1ee57169cdc7a129aced1ab7bee4b07b69ac2db8e7b9d888,libero_90-task39-episode0-seed124,true,12,2,0.16666667,10,0,0.00000000
libero90-task39-trial1,39,KITCHEN_SCENE8_turn_off_the_stove,1,125,14,c729850e562a28353fd0d31a7e74c770e261782eed1bb75e8db4d844f0b746e4,libero_90-task39-episode1-seed125,true,13,1,0.07692308,12,0,0.00000000
libero90-task39-trial2,39,KITCHEN_SCENE8_turn_off_the_stove,2,126,15,ee838b2b2d8c9235a312ffed67afab49e7d21de13a171e07e0fc596c17b7a380,libero_90-task39-episode2-seed126,true,12,1,0.08333333,11,0,0.00000000
libero90-task40-trial0,40,KITCHEN_SCENE9_put_the_frying_pan_on_the_cabinet_shelf,0,127,13,a7dc34f1871bb758e69f33197c93192719e0c59373d6160c796de703289d2740,libero_90-task40-episode0-seed127,true,19,0,0.00000000,19,0,0.00000000
libero90-task40-trial1,40,KITCHEN_SCENE9_put_the_frying_pan_on_the_cabinet_shelf,1,128,14,19a24c57fb8ca6adc65e823401fa489da1d7706c2258d3f396776364c7b940ca,libero_90-task40-episode1-seed128,true,17,3,0.17647059,17,3,0.17647059
libero90-task40-trial2,40,KITCHEN_SCENE9_put_the_frying_pan_on_the_cabinet_shelf,2,129,15,0dc1d5d7ca6d02877cbfab9a9e7195db8ef258b5a40cc6593e076f789deb4143,libero_90-task40-episode2-seed129,true,17,2,0.11764706,16,1,0.06250000
libero90-task41-trial0,41,KITCHEN_SCENE9_put_the_frying_pan_on_top_of_the_cabinet,0,130,13,5c7cd9ea4aae9eab09798666b764ce3984a457d301cde1f4758e8da11c61c49c,libero_90-task41-episode0-seed130,true,15,1,0.06666667,14,0,0.00000000
libero90-task41-trial1,41,KITCHEN_SCENE9_put_the_frying_pan_on_top_of_the_cabinet,1,131,14,7970f367c619da09f3b95a76c0e948f48cbd2ee3fd603ea01c145ecd571c0265,libero_90-task41-episode1-seed131,true,16,0,0.00000000,16,0,0.00000000
libero90-task41-trial2,41,KITCHEN_SCENE9_put_the_frying_pan_on_top_of_the_cabinet,2,132,15,4d6df5a89351393bbd960abea256b48c8727ec092918d8db164c10bce306f25a,libero_90-task41-episode2-seed132,true,17,1,0.05882353,17,1,0.05882353
libero90-task42-trial0,42,KITCHEN_SCENE9_put_the_frying_pan_under_the_cabinet_shelf,0,133,13,7915303f7c5908ad2e2ec151b84134e7d32ad48e9b177be515f57af9d614ffa8,libero_90-task42-episode0-seed133,true,14,1,0.07142857,14,1,0.07142857
libero90-task42-trial1,42,KITCHEN_SCENE9_put_the_frying_pan_under_the_cabinet_shelf,1,134,14,1096f12147bf2adca7c77e7d322a58da49b4b301d189dea4f3a4a6443ece1092,libero_90-task42-episode1-seed134,true,15,1,0.06666667,15,1,0.06666667
libero90-task42-trial2,42,KITCHEN_SCENE9_put_the_frying_pan_under_the_cabinet_shelf,2,135,15,f18e2e7372a592f22970d64c806051b384cb2703e58526cee0200eb572f2b17c,libero_90-task42-episode2-seed135,true,15,0,0.00000000,15,0,0.00000000
libero90-task43-trial0,43,KITCHEN_SCENE9_put_the_white_bowl_on_top_of_the_cabinet,0,136,13,f11c2a2874510a5de596108500b089a103605820503ab3acfa2d7edc0fb9d9ed,libero_90-task43-episode0-seed136,true,13,1,0.07692308,12,0,0.00000000
libero90-task43-trial1,43,KITCHEN_SCENE9_put_the_white_bowl_on_top_of_the_cabinet,1,137,14,7cfc2cd94bba3d3cea4ad9c57be2caef768b15a193ac0a5d6f4ca2f2a5a9f903,libero_90-task43-episode1-seed137,true,13,0,0.00000000,13,0,0.00000000
libero90-task43-trial2,43,KITCHEN_SCENE9_put_the_white_bowl_on_top_of_the_cabinet,2,138,15,b3b128c7af40627bd2a2e1be9cd3e0600247bdf334d43da109ea368e44994225,libero_90-task43-episode2-seed138,true,26,0,0.00000000,26,0,0.00000000
libero90-task44-trial0,44,KITCHEN_SCENE9_turn_on_the_stove,0,139,13,e113b19f6314cd7f14ff3256d051ae2cc2e3d34024b647f5d59dbc3ae7439d52,libero_90-task44-episode0-seed139,true,11,1,0.09090909,10,0,0.00000000
libero90-task44-trial1,44,KITCHEN_SCENE9_turn_on_the_stove,1,140,14,320c3ad276b7a20c86551625a6b9f379224336063ba39278ce03f402b3fdc64e,libero_90-task44-episode1-seed140,true,11,2,0.18181818,9,0,0.00000000
libero90-task44-trial2,44,KITCHEN_SCENE9_turn_on_the_stove,2,141,15,9231999fda50b40bb093a1d7cb6bc4d6d800e16bb86c774513620a372ebc0abf,libero_90-task44-episode2-seed141,true,10,1,0.10000000,9,0,0.00000000
libero90-task45-trial0,45,KITCHEN_SCENE9_turn_on_the_stove_and_put_the_frying_pan_on_it,0,142,13,0df8f46f9826565a808f77d4c5775fabea1114315750d4e70c5be51e8ba08029,libero_90-task45-episode0-seed142,true,27,0,0.00000000,27,0,0.00000000
libero90-task45-trial1,45,KITCHEN_SCENE9_turn_on_the_stove_and_put_the_frying_pan_on_it,1,143,14,3b7c6255a992c81060563571bc05634e7449b3151298142ab0ce33f8b7b383e2,libero_90-task45-episode1-seed143,true,27,5,0.18518519,25,3,0.12000000
libero90-task45-trial2,45,KITCHEN_SCENE9_turn_on_the_stove_and_put_the_frying_pan_on_it,2,144,15,97587f5c047ce2f5ac0803e21e67e7b4b44409f688e23a78e98ed81680d4757f,libero_90-task45-episode2-seed144,true,24,2,0.08333333,24,2,0.08333333
libero90-task46-trial0,46,LIVING_ROOM_SCENE1_pick_up_the_alphabet_soup_and_put_it_in_the_basket,0,145,13,b93252a1ec6d6e9e882e9d83c0e2b218a0fb4a0fb45a617f4eba297bb11da9f9,libero_90-task46-episode0-seed145,true,13,1,0.07692308,13,1,0.07692308
libero90-task46-trial1,46,LIVING_ROOM_SCENE1_pick_up_the_alphabet_soup_and_put_it_in_the_basket,1,146,14,3d6a873b2e29c99fc9baad0efe5fe7d5c9a1a47caf7ad7128672f58c68c651ed,libero_90-task46-episode1-seed146,true,28,2,0.07142857,27,1,0.03703704
libero90-task46-trial2,46,LIVING_ROOM_SCENE1_pick_up_the_alphabet_soup_and_put_it_in_the_basket,2,147,15,88b71781297bd509e81be816b88079fa0c67ac25b792aad1bc6ba81eaee98128,libero_90-task46-episode2-seed147,true,14,1,0.07142857,13,0,0.00000000
libero90-task47-trial0,47,LIVING_ROOM_SCENE1_pick_up_the_cream_cheese_box_and_put_it_in_the_basket,0,148,13,9eda2d17e81e27267e71a7c6cce6786e1843681c1fff0301bc9741294fcd19de,libero_90-task47-episode0-seed148,true,14,1,0.07142857,14,1,0.07142857
libero90-task47-trial1,47,LIVING_ROOM_SCENE1_pick_up_the_cream_cheese_box_and_put_it_in_the_basket,1,149,14,89cbd9becc0074de2ee38b6fc2e1d84497ee45eef0f9cf343d24bba94ac5ca86,libero_90-task47-episode1-seed149,true,18,1,0.05555556,18,1,0.05555556
libero90-task47-trial2,47,LIVING_ROOM_SCENE1_pick_up_the_cream_cheese_box_and_put_it_in_the_basket,2,150,15,90a1b9ed0ddd111cc6bad615f47a7687d8e4eaefaa36010b8c263ee9968ed069,libero_90-task47-episode2-seed150,true,16,4,0.25000000,16,4,0.25000000
libero90-task48-trial0,48,LIVING_ROOM_SCENE1_pick_up_the_ketchup_and_put_it_in_the_basket,0,151,13,6dcc4f49b012549c2fa4d60a6682139990c7a3d1993cf4810d0c6f186571cf22,libero_90-task48-episode0-seed151,true,15,0,0.00000000,15,0,0.00000000
libero90-task48-trial1,48,LIVING_ROOM_SCENE1_pick_up_the_ketchup_and_put_it_in_the_basket,1,152,14,c45031e0e1b3b01918d26d87f353a92761035d8d6f730f7605c4c8b388c75f37,libero_90-task48-episode1-seed152,true,17,1,0.05882353,17,1,0.05882353
libero90-task48-trial2,48,LIVING_ROOM_SCENE1_pick_up_the_ketchup_and_put_it_in_the_basket,2,153,15,9bdaf3576b1da7b629a151b18d85f596cd7da577a5563cbe421b55cbd82a809d,libero_90-task48-episode2-seed153,true,18,2,0.11111111,17,1,0.05882353
libero90-task49-trial0,49,LIVING_ROOM_SCENE1_pick_up_the_tomato_sauce_and_put_it_in_the_basket,0,154,13,116f38a42f5832e2447ea24dd0390545411b1b9b425fdfda1191d61d79c3d033,libero_90-task49-episode0-seed154,true,20,1,0.05000000,20,1,0.05000000
libero90-task49-trial1,49,LIVING_ROOM_SCENE1_pick_up_the_tomato_sauce_and_put_it_in_the_basket,1,155,14,68f0aa61ef5cca2d73d4f98e426a8318d98996579d70a4f5ef02a48f6a2748eb,libero_90-task49-episode1-seed155,true,15,0,0.00000000,15,0,0.00000000
libero90-task49-trial2,49,LIVING_ROOM_SCENE1_pick_up_the_tomato_sauce_and_put_it_in_the_basket,2,156,15,fcc9a1795c7b38ce1a44b58d587d120ebea17cbdb047d36c12de265b16d75742,libero_90-task49-episode2-seed156,true,15,1,0.06666667,14,0,0.00000000
libero90-task50-trial0,50,LIVING_ROOM_SCENE2_pick_up_the_alphabet_soup_and_put_it_in_the_basket,0,157,13,167952e008cd6d77a46ac0459ed279edb92718dc15aca6b9c723957f3de81740,libero_90-task50-episode0-seed157,true,12,0,0.00000000,12,0,0.00000000
libero90-task50-trial1,50,LIVING_ROOM_SCENE2_pick_up_the_alphabet_soup_and_put_it_in_the_basket,1,158,14,a282c469dc2c65ab6886aa177bff15f77b354ca2644911d002e7855aa62ac98c,libero_90-task50-episode1-seed158,true,13,2,0.15384615,13,2,0.15384615
libero90-task50-trial2,50,LIVING_ROOM_SCENE2_pick_up_the_alphabet_soup_and_put_it_in_the_basket,2,159,15,a5487cd1d52bb6eb0e27cc4fdb71b3a0c12589fd76b333b665bb7688747d44b4,libero_90-task50-episode2-seed159,true,12,0,0.00000000,12,0,0.00000000
libero90-task51-trial0,51,LIVING_ROOM_SCENE2_pick_up_the_butter_and_put_it_in_the_basket,0,160,13,39c7f8f1f3a2e43b6e948244c90386865039e7e1ddbf4f164288ed82147d6663,libero_90-task51-episode0-seed160,true,9,1,0.11111111,8,0,0.00000000
libero90-task51-trial1,51,LIVING_ROOM_SCENE2_pick_up_the_butter_and_put_it_in_the_basket,1,161,14,01e08ceb962029e2ff87d6dc90e792f90d8abd6103560ede17db442627d22702,libero_90-task51-episode1-seed161,true,10,2,0.20000000,8,0,0.00000000
libero90-task51-trial2,51,LIVING_ROOM_SCENE2_pick_up_the_butter_and_put_it_in_the_basket,2,162,15,a4398bbd5ad77c8f9f8f0476b4cb47e4c24f49c32aabc9e6d8a8faf7543cedde,libero_90-task51-episode2-seed162,false,40,3,0.07500000,40,3,0.07500000
libero90-task52-trial0,52,LIVING_ROOM_SCENE2_pick_up_the_milk_and_put_it_in_the_basket,0,163,13,5d798075415c9089ff48e1ea49b920e92a4cd50a192ea528276526eeda3cb9b9,libero_90-task52-episode0-seed163,true,23,1,0.04347826,23,1,0.04347826
libero90-task52-trial1,52,LIVING_ROOM_SCENE2_pick_up_the_milk_and_put_it_in_the_basket,1,164,14,25e972746b788489283cd74a356a31b6df0e41dd5b7896edec980f233876aacb,libero_90-task52-episode1-seed164,true,12,0,0.00000000,12,0,0.00000000
libero90-task52-trial2,52,LIVING_ROOM_SCENE2_pick_up_the_milk_and_put_it_in_the_basket,2,165,15,a1eb0b2b62befa93b496f8502be99ece809427acc0e463afe92718d64a8c666b,libero_90-task52-episode2-seed165,true,11,1,0.09090909,10,0,0.00000000
libero90-task53-trial0,53,LIVING_ROOM_SCENE2_pick_up_the_orange_juice_and_put_it_in_the_basket,0,166,13,98e40c7ea57c99e046229fc0170554f2903987508ba4054c21018c5bb3aa2f3b,libero_90-task53-episode0-seed166,true,13,0,0.00000000,13,0,0.00000000
libero90-task53-trial1,53,LIVING_ROOM_SCENE2_pick_up_the_orange_juice_and_put_it_in_the_basket,1,167,14,06f89c1995af246de788372c0e5a2660a0b01e57dc3982898ca5a0754b79b2e4,libero_90-task53-episode1-seed167,true,15,1,0.06666667,15,1,0.06666667
libero90-task53-trial2,53,LIVING_ROOM_SCENE2_pick_up_the_orange_juice_and_put_it_in_the_basket,2,168,15,f12a27db65f4f5f8eefb51abeec12f59128a961b6206fbec21d40d96535c2311,libero_90-task53-episode2-seed168,true,15,0,0.00000000,15,0,0.00000000
libero90-task54-trial0,54,LIVING_ROOM_SCENE2_pick_up_the_tomato_sauce_and_put_it_in_the_basket,0,169,13,a6a7ceb362c93c8c6fb0f792505c35dfb7b1d4ac4b3cad302d528dd313ea6bb6,libero_90-task54-episode0-seed169,true,10,2,0.20000000,9,1,0.11111111
libero90-task54-trial1,54,LIVING_ROOM_SCENE2_pick_up_the_tomato_sauce_and_put_it_in_the_basket,1,170,14,11cb54c4f0bb142ebf112131447c0a3a98c109d2731f416ffe1c337f529bb403,libero_90-task54-episode1-seed170,true,10,2,0.20000000,9,1,0.11111111
libero90-task54-trial2,54,LIVING_ROOM_SCENE2_pick_up_the_tomato_sauce_and_put_it_in_the_basket,2,171,15,3a41586407a86e2f8ed9e0a74ada913c595b03268d250bfb0f0bf521d37135a2,libero_90-task54-episode2-seed171,true,10,1,0.10000000,10,1,0.10000000
libero90-task55-trial0,55,LIVING_ROOM_SCENE3_pick_up_the_alphabet_soup_and_put_it_in_the_tray,0,172,13,d4ec6cb8afb83fdf9a101a1650a1f71153fb2c066f1647d2f587c11161f522a7,libero_90-task55-episode0-seed172,true,20,1,0.05000000,20,1,0.05000000
libero90-task55-trial1,55,LIVING_ROOM_SCENE3_pick_up_the_alphabet_soup_and_put_it_in_the_tray,1,173,14,63d2c5172a0b6e7744940e6023f66e1b013d669c0f728cdf392159dcad104d6e,libero_90-task55-episode1-seed173,true,10,1,0.10000000,10,1,0.10000000
libero90-task55-trial2,55,LIVING_ROOM_SCENE3_pick_up_the_alphabet_soup_and_put_it_in_the_tray,2,174,15,06ef9f765ea02e4eca8ae547d720d12e813db2b4ce434a4931a48c616a8c7352,libero_90-task55-episode2-seed174,true,12,0,0.00000000,12,0,0.00000000
libero90-task56-trial0,56,LIVING_ROOM_SCENE3_pick_up_the_butter_and_put_it_in_the_tray,0,175,13,43063f6591ea62f57a37a5a7a759461bbdffd40cbb89095eec9720c7441c9a42,libero_90-task56-episode0-seed175,true,10,1,0.10000000,9,0,0.00000000
libero90-task56-trial1,56,LIVING_ROOM_SCENE3_pick_up_the_butter_and_put_it_in_the_tray,1,176,14,6dd4163c0fdc7e5e0a0c22921ead9a6fd7d482386f7c1257661f9572ef32680c,libero_90-task56-episode1-seed176,true,9,2,0.22222222,8,1,0.12500000
libero90-task56-trial2,56,LIVING_ROOM_SCENE3_pick_up_the_butter_and_put_it_in_the_tray,2,177,15,5084f32a3bd2b85e07c3b7fba6e889947216778da35560a5539f5d5bbd562cac,libero_90-task56-episode2-seed177,true,10,1,0.10000000,9,0,0.00000000
libero90-task57-trial0,57,LIVING_ROOM_SCENE3_pick_up_the_cream_cheese_and_put_it_in_the_tray,0,178,13,504b5a98933404c42d1fbe72a62980e42f3f4b9c4d8e6815ea46542abd339342,libero_90-task57-episode0-seed178,true,14,2,0.14285714,13,1,0.07692308
libero90-task57-trial1,57,LIVING_ROOM_SCENE3_pick_up_the_cream_cheese_and_put_it_in_the_tray,1,179,14,a8ba19b1300415cefe29d52fb10a1460747315ce649e6b6b4f524478c778a7fc,libero_90-task57-episode1-seed179,true,14,0,0.00000000,14,0,0.00000000
libero90-task57-trial2,57,LIVING_ROOM_SCENE3_pick_up_the_cream_cheese_and_put_it_in_the_tray,2,180,15,e49cb9915f90038fe17f975c4d41ddf4acb5566a00f731775fdfefc87a8fe181,libero_90-task57-episode2-seed180,true,24,0,0.00000000,24,0,0.00000000
libero90-task58-trial0,58,LIVING_ROOM_SCENE3_pick_up_the_ketchup_and_put_it_in_the_tray,0,181,13,90d189270258224a19e0d030699d17a22f409c2bc39cf14dd4fb4519aeb45399,libero_90-task58-episode0-seed181,true,14,1,0.07142857,13,0,0.00000000
libero90-task58-trial1,58,LIVING_ROOM_SCENE3_pick_up_the_ketchup_and_put_it_in_the_tray,1,182,14,c07b49d74fdf2c005ee9babe87e69cba12a89139bbee3ae9c4cf69ec3fb56df2,libero_90-task58-episode1-seed182,true,13,0,0.00000000,13,0,0.00000000
libero90-task58-trial2,58,LIVING_ROOM_SCENE3_pick_up_the_ketchup_and_put_it_in_the_tray,2,183,15,a3c958848bfa77abbc7090874f2518a6c1bafb87b33524e4b922959c9cfae2ca,libero_90-task58-episode2-seed183,true,14,1,0.07142857,13,0,0.00000000
libero90-task59-trial0,59,LIVING_ROOM_SCENE3_pick_up_the_tomato_sauce_and_put_it_in_the_tray,0,184,13,1f36d92629b22466d969d3a8512d00e29633a23e9a1c88e8cb6f07ada88f38d2,libero_90-task59-episode0-seed184,true,10,1,0.10000000,9,0,0.00000000
libero90-task59-trial1,59,LIVING_ROOM_SCENE3_pick_up_the_tomato_sauce_and_put_it_in_the_tray,1,185,14,af482842d1c1d4dced25e6fc64e4dadbfbf1ed5b09064de73e08dc228ea118b8,libero_90-task59-episode1-seed185,true,9,0,0.00000000,9,0,0.00000000
libero90-task59-trial2,59,LIVING_ROOM_SCENE3_pick_up_the_tomato_sauce_and_put_it_in_the_tray,2,186,15,f3dfa7120d2a7a133e4e11d2881793b22944a5df4cf5c1652205241944764937,libero_90-task59-episode2-seed186,false,40,13,0.32500000,37,10,0.27027027
libero90-task60-trial0,60,LIVING_ROOM_SCENE4_pick_up_the_black_bowl_on_the_left_and_put_it_in_the_tray,0,187,13,f0a1f73bc1b12ab4c7349f78612edb353910c3d342f6327f0bc7a2dcb9b1c9d0,libero_90-task60-episode0-seed187,true,13,2,0.15384615,12,1,0.08333333
libero90-task60-trial1,60,LIVING_ROOM_SCENE4_pick_up_the_black_bowl_on_the_left_and_put_it_in_the_tray,1,188,14,46982ee5918a4804336b8b46a72d9af735f4674eeacfb6c3e5b04d722adcac1c,libero_90-task60-episode1-seed188,true,11,1,0.09090909,10,0,0.00000000
libero90-task60-trial2,60,LIVING_ROOM_SCENE4_pick_up_the_black_bowl_on_the_left_and_put_it_in_the_tray,2,189,15,d2585915e8c64634224455dfd3f06b8294e9318284eab0290d2317df350e6571,libero_90-task60-episode2-seed189,true,13,0,0.00000000,13,0,0.00000000
libero90-task61-trial0,61,LIVING_ROOM_SCENE4_pick_up_the_chocolate_pudding_and_put_it_in_the_tray,0,190,13,be329f836f2a97a490ca6cc2089177ac2a8a2e76af69f99605815ff7858773d0,libero_90-task61-episode0-seed190,true,16,0,0.00000000,16,0,0.00000000
libero90-task61-trial1,61,LIVING_ROOM_SCENE4_pick_up_the_chocolate_pudding_and_put_it_in_the_tray,1,191,14,ce518c5f1f7981ce3111f71fa29275b5064eb0cea2bcafbdae16aba1992fa93e,libero_90-task61-episode1-seed191,true,15,2,0.13333333,14,1,0.07142857
libero90-task61-trial2,61,LIVING_ROOM_SCENE4_pick_up_the_chocolate_pudding_and_put_it_in_the_tray,2,192,15,fdf2c64cfb66b32aec095a5a07020561f09cb522ab4a8bddf2cd99757a7064bb,libero_90-task61-episode2-seed192,true,16,1,0.06250000,16,1,0.06250000
libero90-task62-trial0,62,LIVING_ROOM_SCENE4_pick_up_the_salad_dressing_and_put_it_in_the_tray,0,193,13,68e20f4827df6dd1678e15344cfff02070e89374e2433ee8069db78a4a161d8d,libero_90-task62-episode0-seed193,true,10,1,0.10000000,9,0,0.00000000
libero90-task62-trial1,62,LIVING_ROOM_SCENE4_pick_up_the_salad_dressing_and_put_it_in_the_tray,1,194,14,028d3111022118aef92a3b1135480728e0e22bfe692507907997d5779ab79f35,libero_90-task62-episode1-seed194,true,11,1,0.09090909,10,0,0.00000000
libero90-task62-trial2,62,LIVING_ROOM_SCENE4_pick_up_the_salad_dressing_and_put_it_in_the_tray,2,195,15,eec185bb4dae3f9535a0b4e1f6cc4c8c5e49839d937dbdc7a6dd77edfb4a35d2,libero_90-task62-episode2-seed195,true,11,0,0.00000000,11,0,0.00000000
libero90-task63-trial0,63,LIVING_ROOM_SCENE4_stack_the_left_bowl_on_the_right_bowl_and_place_them_in_the_tray,0,196,13,c415b403c9067fc1a9ad96342a4c6809eff46849abb332378fb3e0751767932f,libero_90-task63-episode0-seed196,true,20,4,0.20000000,18,2,0.11111111
libero90-task63-trial1,63,LIVING_ROOM_SCENE4_stack_the_left_bowl_on_the_right_bowl_and_place_them_in_the_tray,1,197,14,dce4a23931fdeb38b032268cb6bb4459fd2a7fe6832285366268d37da8752d9f,libero_90-task63-episode1-seed197,true,18,0,0.00000000,18,0,0.00000000
libero90-task63-trial2,63,LIVING_ROOM_SCENE4_stack_the_left_bowl_on_the_right_bowl_and_place_them_in_the_tray,2,198,15,8add17a9616365c56bf4cfddd22711971c7bfc4198f0cb80b3f759dd5ec29aed,libero_90-task63-episode2-seed198,true,22,3,0.13636364,20,1,0.05000000
libero90-task64-trial0,64,LIVING_ROOM_SCENE4_stack_the_right_bowl_on_the_left_bowl_and_place_them_in_the_tray,0,199,13,ff5650d88f1ced5363a19f618130f05dbaed68c55b89a6e6e4019f90fc98c91d,libero_90-task64-episode0-seed199,true,24,1,0.04166667,23,0,0.00000000
libero90-task64-trial1,64,LIVING_ROOM_SCENE4_stack_the_right_bowl_on_the_left_bowl_and_place_them_in_the_tray,1,200,14,db1b6c2224f53ccb8bd0d289d11c8969c3df17e50d3954a7ac2501e1935a5320,libero_90-task64-episode1-seed200,true,28,7,0.25000000,24,3,0.12500000
libero90-task64-trial2,64,LIVING_ROOM_SCENE4_stack_the_right_bowl_on_the_left_bowl_and_place_them_in_the_tray,2,201,15,d8f6c290f4e69560c367ad2ab74dd1e3b5f1264dd3e490e7c91d7a18dc59aac0,libero_90-task64-episode2-seed201,true,22,4,0.18181818,20,2,0.10000000
libero90-task65-trial0,65,LIVING_ROOM_SCENE5_put_the_red_mug_on_the_left_plate,0,202,13,405e3abb600d9673d682cb08b4558e4e373ad7339aadb095046c30407acf13e9,libero_90-task65-episode0-seed202,false,40,20,0.50000000,38,18,0.47368421
libero90-task65-trial1,65,LIVING_ROOM_SCENE5_put_the_red_mug_on_the_left_plate,1,203,14,9bc91d3d5d7b2b2b636adcd9b3f045bb2249b5ed7705915a40266e1f6ab5b761,libero_90-task65-episode1-seed203,true,12,0,0.00000000,12,0,0.00000000
libero90-task65-trial2,65,LIVING_ROOM_SCENE5_put_the_red_mug_on_the_left_plate,2,204,15,d04c73c67c02a5fa9020c3457fbd7787b5e96263d67a2701f35cdaf3131d173f,libero_90-task65-episode2-seed204,false,40,22,0.55000000,39,21,0.53846154
libero90-task66-trial0,66,LIVING_ROOM_SCENE5_put_the_red_mug_on_the_right_plate,0,205,13,80a5492166cbe1f3bc93425d17dd154527093e8e5762f3151a15e33cd9b64aa3,libero_90-task66-episode0-seed205,true,13,1,0.07692308,12,0,0.00000000
libero90-task66-trial1,66,LIVING_ROOM_SCENE5_put_the_red_mug_on_the_right_plate,1,206,14,51a7c19a9bf63688fa9aaa85a583e61616dd15a8b15ebc9d00ef2652df95cda1,libero_90-task66-episode1-seed206,true,12,0,0.00000000,12,0,0.00000000
libero90-task66-trial2,66,LIVING_ROOM_SCENE5_put_the_red_mug_on_the_right_plate,2,207,15,b07a60ac0c78cf818e639dfbaf45e279ed67bd71bbc202d06b8b36375ea1d689,libero_90-task66-episode2-seed207,true,11,1,0.09090909,10,0,0.00000000
libero90-task67-trial0,67,LIVING_ROOM_SCENE5_put_the_white_mug_on_the_left_plate,0,208,13,db130fc06dc07edcd3115210807738b3163795a3dcf603aa1716a944b0a8dbf6,libero_90-task67-episode0-seed208,true,9,0,0.00000000,9,0,0.00000000
libero90-task67-trial1,67,LIVING_ROOM_SCENE5_put_the_white_mug_on_the_left_plate,1,209,14,1260c78bfba7db609e84731cef2be8dba8a0d470e80952b45a2c937bdaaf5303,libero_90-task67-episode1-seed209,true,9,2,0.22222222,8,1,0.12500000
libero90-task67-trial2,67,LIVING_ROOM_SCENE5_put_the_white_mug_on_the_left_plate,2,210,15,57bd31958597e1226688a72ae7495bc47a78f536c12c78eea0bc8297fc3d705d,libero_90-task67-episode2-seed210,true,8,0,0.00000000,8,0,0.00000000
libero90-task68-trial0,68,LIVING_ROOM_SCENE5_put_the_yellow_and_white_mug_on_the_right_plate,0,211,13,d777446de7fedbd91bae0375fac1888488658d6cf5915c634dac768b3b702c25,libero_90-task68-episode0-seed211,true,9,1,0.11111111,9,1,0.11111111
libero90-task68-trial1,68,LIVING_ROOM_SCENE5_put_the_yellow_and_white_mug_on_the_right_plate,1,212,14,69d66be4b6f59fe1f08962ec8ac5945ad26d162fd2224ca8c9131cc107adb07d,libero_90-task68-episode1-seed212,true,8,0,0.00000000,8,0,0.00000000
libero90-task68-trial2,68,LIVING_ROOM_SCENE5_put_the_yellow_and_white_mug_on_the_right_plate,2,213,15,95c225911d34174bf5fcf25593d1368f7a2bf72f5625ba170d75981d92b4dea6,libero_90-task68-episode2-seed213,true,8,1,0.12500000,7,0,0.00000000
libero90-task69-trial0,69,LIVING_ROOM_SCENE6_put_the_chocolate_pudding_to_the_left_of_the_plate,0,214,13,a02b910cef79982b39ba8607204728600e0fe51bb9e23e0606decffee2379961,libero_90-task69-episode0-seed214,true,11,1,0.09090909,10,0,0.00000000
libero90-task69-trial1,69,LIVING_ROOM_SCENE6_put_the_chocolate_pudding_to_the_left_of_the_plate,1,215,14,c97ad5486bbfcf4220da98be30c09d18ad204f2762341b593d440b9e448ebb21,libero_90-task69-episode1-seed215,true,10,0,0.00000000,10,0,0.00000000
libero90-task69-trial2,69,LIVING_ROOM_SCENE6_put_the_chocolate_pudding_to_the_left_of_the_plate,2,216,15,fe40ffd8501269da1690ff89e39f67bf32eed77eca33ca34574238eaab0cd97d,libero_90-task69-episode2-seed216,true,10,1,0.10000000,9,0,0.00000000
libero90-task70-trial0,70,LIVING_ROOM_SCENE6_put_the_chocolate_pudding_to_the_right_of_the_plate,0,217,13,c0d667206143980829b7a0ee09c4eb4114b6c834e14376028fe8d536415628f5,libero_90-task70-episode0-seed217,true,9,1,0.11111111,9,1,0.11111111
libero90-task70-trial1,70,LIVING_ROOM_SCENE6_put_the_chocolate_pudding_to_the_right_of_the_plate,1,218,14,78a512fc6e30b450e889a4486844d1230de4e0b7e96b2d23a4e8671d743c69ca,libero_90-task70-episode1-seed218,true,8,0,0.00000000,8,0,0.00000000
libero90-task70-trial2,70,LIVING_ROOM_SCENE6_put_the_chocolate_pudding_to_the_right_of_the_plate,2,219,15,4bce883b5ca614e5826ea33f9af1419a8745d22547ec1d856daaf2c4d66a4d7e,libero_90-task70-episode2-seed219,true,9,1,0.11111111,9,1,0.11111111
libero90-task71-trial0,71,LIVING_ROOM_SCENE6_put_the_red_mug_on_the_plate,0,220,13,9d2be7004bbc15714a9ca75fbe8e3ceb50a92abf995821e765d5b1441de3dcf0,libero_90-task71-episode0-seed220,true,11,0,0.00000000,11,0,0.00000000
libero90-task71-trial1,71,LIVING_ROOM_SCENE6_put_the_red_mug_on_the_plate,1,221,14,b5b4dfd963364b815af9d420f24cac81f949b96458aae1263b6e877925ed2dc8,libero_90-task71-episode1-seed221,false,40,19,0.47500000,38,17,0.44736842
libero90-task71-trial2,71,LIVING_ROOM_SCENE6_put_the_red_mug_on_the_plate,2,222,15,6345a17ff807e213215a88fc9ee31d93bb602006b4f54a18585de5a2a382c4e6,libero_90-task71-episode2-seed222,true,10,1,0.10000000,10,1,0.10000000
libero90-task72-trial0,72,LIVING_ROOM_SCENE6_put_the_white_mug_on_the_plate,0,223,13,52c9bc9bff5db9471f931475f1cd56ec3162d70ddda5475f9283fcd4270a1bfd,libero_90-task72-episode0-seed223,true,14,1,0.07142857,13,0,0.00000000
libero90-task72-trial1,72,LIVING_ROOM_SCENE6_put_the_white_mug_on_the_plate,1,224,14,ab3bc3ede586ba1043f4276c94a5a7be84a39f1f75b6e709644dc925d49ad9d1,libero_90-task72-episode1-seed224,false,40,2,0.05000000,40,2,0.05000000
libero90-task72-trial2,72,LIVING_ROOM_SCENE6_put_the_white_mug_on_the_plate,2,225,15,635f8b3c04dd042f83fce0bcc86c1cc0bd767dc238abd0a46159d3f2703f5acb,libero_90-task72-episode2-seed225,false,40,8,0.20000000,38,6,0.15789474
libero90-task73-trial0,73,STUDY_SCENE1_pick_up_the_book_and_place_it_in_the_front_compartment_of_the_caddy,0,226,13,9ce2c3fdea1cf253a8f3f6e8f79a2b9b22d4d790371178d6ca26b9009658e80d,libero_90-task73-episode0-seed226,true,29,2,0.06896552,29,2,0.06896552
libero90-task73-trial1,73,STUDY_SCENE1_pick_up_the_book_and_place_it_in_the_front_compartment_of_the_caddy,1,227,14,a41e4789da4a53fc7bb0dad2b1b8295fa9b02544afd766a0b7543b2cf8285caf,libero_90-task73-episode1-seed227,true,15,1,0.06666667,14,0,0.00000000
libero90-task73-trial2,73,STUDY_SCENE1_pick_up_the_book_and_place_it_in_the_front_compartment_of_the_caddy,2,228,15,3466feaa7ff8217419867414bd8e820d801d1154ef09e87ff42fa7c895ec6bed,libero_90-task73-episode2-seed228,true,18,2,0.11111111,18,2,0.11111111
libero90-task74-trial0,74,STUDY_SCENE1_pick_up_the_book_and_place_it_in_the_left_compartment_of_the_caddy,0,229,13,33fa049492599b1e3e1e80df5fd5c42d07b7b2c9e93581e23f3e9ca74b4ae709,libero_90-task74-episode0-seed229,true,15,0,0.00000000,15,0,0.00000000
libero90-task74-trial1,74,STUDY_SCENE1_pick_up_the_book_and_place_it_in_the_left_compartment_of_the_caddy,1,230,14,9e15b0997773c1df34ba7dfe98965c56feb70139ac0413e79d1c2130160b8070,libero_90-task74-episode1-seed230,true,14,0,0.00000000,14,0,0.00000000
libero90-task74-trial2,74,STUDY_SCENE1_pick_up_the_book_and_place_it_in_the_left_compartment_of_the_caddy,2,231,15,9f606caa7df92042779a80f1169bb3781cf0004916c1581181d4c34527eca58c,libero_90-task74-episode2-seed231,true,16,1,0.06250000,16,1,0.06250000
libero90-task75-trial0,75,STUDY_SCENE1_pick_up_the_book_and_place_it_in_the_right_compartment_of_the_caddy,0,232,13,4f44d9e83c01f8d6eec529fec0bc9e1769e9130f95c9e09fd1d3333f89dd22b6,libero_90-task75-episode0-seed232,false,40,0,0.00000000,40,0,0.00000000
libero90-task75-trial1,75,STUDY_SCENE1_pick_up_the_book_and_place_it_in_the_right_compartment_of_the_caddy,1,233,14,22702ddf395e6022fd97b6487f9d20573a5cdd8d95ce7b414083d47c1445b68c,libero_90-task75-episode1-seed233,true,17,0,0.00000000,17,0,0.00000000
libero90-task75-trial2,75,STUDY_SCENE1_pick_up_the_book_and_place_it_in_the_right_compartment_of_the_caddy,2,234,15,eee755d02c5a9cc25a05c32e8d97d512f1d5e8f3461e5a8318a4375f667a3a06,libero_90-task75-episode2-seed234,false,40,2,0.05000000,40,2,0.05000000
libero90-task76-trial0,76,STUDY_SCENE1_pick_up_the_yellow_and_white_mug_and_place_it_to_the_right_of_the_caddy,0,235,13,5f8337b83e6deda200bab1c62b09903c716a9587fc4e7afb6da72569ae8ee276,libero_90-task76-episode0-seed235,true,13,1,0.07692308,13,1,0.07692308
libero90-task76-trial1,76,STUDY_SCENE1_pick_up_the_yellow_and_white_mug_and_place_it_to_the_right_of_the_caddy,1,236,14,15bea6351abb703fdbedace1ddf199d5ad4a4a75b4a4b32db510c1b2e193935a,libero_90-task76-episode1-seed236,true,14,1,0.07142857,14,1,0.07142857
libero90-task76-trial2,76,STUDY_SCENE1_pick_up_the_yellow_and_white_mug_and_place_it_to_the_right_of_the_caddy,2,237,15,06783ea8b0762ff9a5aaac6f683eff46dcbe79d2bc6198bb3613905f7b403879,libero_90-task76-episode2-seed237,true,12,1,0.08333333,12,1,0.08333333
libero90-task77-trial0,77,STUDY_SCENE2_pick_up_the_book_and_place_it_in_the_back_compartment_of_the_caddy,0,238,13,4cfdf80a541ab752f550892363c5e2530b6989efd71e3f023f0e5657c9216d5c,libero_90-task77-episode0-seed238,true,13,0,0.00000000,13,0,0.00000000
libero90-task77-trial1,77,STUDY_SCENE2_pick_up_the_book_and_place_it_in_the_back_compartment_of_the_caddy,1,239,14,d7dfe17b73f65c0049fb1d99bd9e8480c19f190b7f066cbe8403e831e48f9303,libero_90-task77-episode1-seed239,true,13,1,0.07692308,12,0,0.00000000
libero90-task77-trial2,77,STUDY_SCENE2_pick_up_the_book_and_place_it_in_the_back_compartment_of_the_caddy,2,240,15,3fcd5fa9e138d61c576fae8bf48791256d87937fae50d49ea17f2cca586e8e24,libero_90-task77-episode2-seed240,true,12,0,0.00000000,12,0,0.00000000
libero90-task78-trial0,78,STUDY_SCENE2_pick_up_the_book_and_place_it_in_the_front_compartment_of_the_caddy,0,241,13,de3a03a8dfc90f0f00c0798f695d14ed03415c4efe50d9693cb49802d8bb9f9b,libero_90-task78-episode0-seed241,true,13,1,0.07692308,12,0,0.00000000
libero90-task78-trial1,78,STUDY_SCENE2_pick_up_the_book_and_place_it_in_the_front_compartment_of_the_caddy,1,242,14,d8691bb63fe0f0e78979be370c72c1df1268e5db3a985230ddd4c2e942f3e3ad,libero_90-task78-episode1-seed242,true,15,1,0.06666667,14,0,0.00000000
libero90-task78-trial2,78,STUDY_SCENE2_pick_up_the_book_and_place_it_in_the_front_compartment_of_the_caddy,2,243,15,5c18aec98cea8fdd543e56f5280b1461d94285d3839da683143f0f9525401a36,libero_90-task78-episode2-seed243,false,40,2,0.05000000,39,1,0.02564103
libero90-task79-trial0,79,STUDY_SCENE2_pick_up_the_book_and_place_it_in_the_left_compartment_of_the_caddy,0,244,13,152db94bba6cf08f66f0f83fff807250e2e55baf6eb4c00ac8fa73ff769487bc,libero_90-task79-episode0-seed244,true,11,0,0.00000000,11,0,0.00000000
libero90-task79-trial1,79,STUDY_SCENE2_pick_up_the_book_and_place_it_in_the_left_compartment_of_the_caddy,1,245,14,5d0934d23ec2e7f85c98adba816986fb7a8935407abaca8844f7e0a8bf7b284d,libero_90-task79-episode1-seed245,true,13,0,0.00000000,13,0,0.00000000
libero90-task79-trial2,79,STUDY_SCENE2_pick_up_the_book_and_place_it_in_the_left_compartment_of_the_caddy,2,246,15,e3155e1d9ddd87f5a95ac394d604aa3fcadac4e310abb8eb67247cd6d712446d,libero_90-task79-episode2-seed246,true,12,0,0.00000000,12,0,0.00000000
libero90-task80-trial0,80,STUDY_SCENE2_pick_up_the_book_and_place_it_in_the_right_compartment_of_the_caddy,0,247,13,052c515dbda60f03464361994d858b075ac06cd4cde33dc1c6a21270207a28db,libero_90-task80-episode0-seed247,true,13,2,0.15384615,13,2,0.15384615
libero90-task80-trial1,80,STUDY_SCENE2_pick_up_the_book_and_place_it_in_the_right_compartment_of_the_caddy,1,248,14,38e91bffdc9dc8ff4ff9012e72e53cfb90ad5fe8bffa1558cb39b9433ea96322,libero_90-task80-episode1-seed248,true,12,0,0.00000000,12,0,0.00000000
libero90-task80-trial2,80,STUDY_SCENE2_pick_up_the_book_and_place_it_in_the_right_compartment_of_the_caddy,2,249,15,2a8f574a203e84d67a9875e14a84b66c1115b61afeab5ea4ebe05420e12de229,libero_90-task80-episode2-seed249,true,13,1,0.07692308,12,0,0.00000000
libero90-task81-trial0,81,STUDY_SCENE3_pick_up_the_book_and_place_it_in_the_front_compartment_of_the_caddy,0,250,13,5708b55695b97189b8713c450982b19f7d9110ef08fe2e7a003d7ebbdc3bf572,libero_90-task81-episode0-seed250,true,17,0,0.00000000,17,0,0.00000000
libero90-task81-trial1,81,STUDY_SCENE3_pick_up_the_book_and_place_it_in_the_front_compartment_of_the_caddy,1,251,14,a9bc28ac77971b2a9b70dbca3a5119f61997b1d4854c931eac28eeacba7092f5,libero_90-task81-episode1-seed251,true,20,1,0.05000000,19,0,0.00000000
libero90-task81-trial2,81,STUDY_SCENE3_pick_up_the_book_and_place_it_in_the_front_compartment_of_the_caddy,2,252,15,9d66abbb691865da9919552fcfaa55e44c7de72ac1d310b8dc66a34659f0435b,libero_90-task81-episode2-seed252,true,20,1,0.05000000,19,0,0.00000000
libero90-task82-trial0,82,STUDY_SCENE3_pick_up_the_book_and_place_it_in_the_left_compartment_of_the_caddy,0,253,13,4ae7aa601b9e13aa791901cc9a9123e62834181c79927f880c165fe94e9bb3bc,libero_90-task82-episode0-seed253,true,11,0,0.00000000,11,0,0.00000000
libero90-task82-trial1,82,STUDY_SCENE3_pick_up_the_book_and_place_it_in_the_left_compartment_of_the_caddy,1,254,14,116eacb734d0e7f5800762b04fc6bb880d8ea1e487f9a96c9fc29bcc917bbceb,libero_90-task82-episode1-seed254,true,14,0,0.00000000,14,0,0.00000000
libero90-task82-trial2,82,STUDY_SCENE3_pick_up_the_book_and_place_it_in_the_left_compartment_of_the_caddy,2,255,15,1d8fccddb57fa08c3560695b21be856ac22cd64db4cf7e88436eeec6373e7847,libero_90-task82-episode2-seed255,true,13,0,0.00000000,13,0,0.00000000
libero90-task83-trial0,83,STUDY_SCENE3_pick_up_the_book_and_place_it_in_the_right_compartment_of_the_caddy,0,256,13,fcba25b965cdc5326ae554cc9871eef14c06fb1839171bd0e77f4f650946c86a,libero_90-task83-episode0-seed256,false,40,0,0.00000000,40,0,0.00000000
libero90-task83-trial1,83,STUDY_SCENE3_pick_up_the_book_and_place_it_in_the_right_compartment_of_the_caddy,1,257,14,7f4e107a7994afc8386d26917dce577a07649acc7570ee0314cd1d0531969ef1,libero_90-task83-episode1-seed257,false,40,4,0.10000000,40,4,0.10000000
libero90-task83-trial2,83,STUDY_SCENE3_pick_up_the_book_and_place_it_in_the_right_compartment_of_the_caddy,2,258,15,abc059212ee368a651094e6b0066399d6014bbce5cf29701adee905d43dc82b8,libero_90-task83-episode2-seed258,true,13,0,0.00000000,13,0,0.00000000
libero90-task84-trial0,84,STUDY_SCENE3_pick_up_the_red_mug_and_place_it_to_the_right_of_the_caddy,0,259,13,97290676bffa8561d259f805ded1cf88c09fb105f43a616009c1df413b1a53bc,libero_90-task84-episode0-seed259,true,12,1,0.08333333,12,1,0.08333333
libero90-task84-trial1,84,STUDY_SCENE3_pick_up_the_red_mug_and_place_it_to_the_right_of_the_caddy,1,260,14,15b46f8039faaf3656134f027ce24d07486ec1a115e6142c289d1b82d3802cf2,libero_90-task84-episode1-seed260,true,12,1,0.08333333,11,0,0.00000000
libero90-task84-trial2,84,STUDY_SCENE3_pick_up_the_red_mug_and_place_it_to_the_right_of_the_caddy,2,261,15,1049e9860b531f7d96e64fb99c01fd12597ad41e5d63cb85c2700359e6f6b0c3,libero_90-task84-episode2-seed261,true,29,3,0.10344828,29,3,0.10344828
libero90-task85-trial0,85,STUDY_SCENE3_pick_up_the_white_mug_and_place_it_to_the_right_of_the_caddy,0,262,13,5c83a3236e9a304b4149c07dc954d78b16b3c2b5d19d23b775d554213919a9f1,libero_90-task85-episode0-seed262,true,9,2,0.22222222,9,2,0.22222222
libero90-task85-trial1,85,STUDY_SCENE3_pick_up_the_white_mug_and_place_it_to_the_right_of_the_caddy,1,263,14,2a3ece61f56f2835d4c5e33dc05cf01d51aed990e85f67b09e062477b365c90f,libero_90-task85-episode1-seed263,true,11,2,0.18181818,10,1,0.10000000
libero90-task85-trial2,85,STUDY_SCENE3_pick_up_the_white_mug_and_place_it_to_the_right_of_the_caddy,2,264,15,569eed58e19330e42c4af755b1ed3e13203f2489907c2e36d8a123dbceea46ae,libero_90-task85-episode2-seed264,true,10,1,0.10000000,9,0,0.00000000
libero90-task86-trial0,86,STUDY_SCENE4_pick_up_the_book_in_the_middle_and_place_it_on_the_cabinet_shelf,0,265,13,d9217f159566ee1efd83b20bc045f5ab8f1985c305f9a34db802f62224af905c,libero_90-task86-episode0-seed265,true,15,0,0.00000000,15,0,0.00000000
libero90-task86-trial1,86,STUDY_SCENE4_pick_up_the_book_in_the_middle_and_place_it_on_the_cabinet_shelf,1,266,14,aab4e2fc615b695673afbb1e7eb341df1f98d905e88f501f022762825e3ed52f,libero_90-task86-episode1-seed266,true,16,1,0.06250000,16,1,0.06250000
libero90-task86-trial2,86,STUDY_SCENE4_pick_up_the_book_in_the_middle_and_place_it_on_the_cabinet_shelf,2,267,15,236232e1775a8436bc10c40bde0604304d4f1200cf1a7977683c1d290210a978,libero_90-task86-episode2-seed267,false,40,4,0.10000000,39,3,0.07692308
libero90-task87-trial0,87,STUDY_SCENE4_pick_up_the_book_on_the_left_and_place_it_on_top_of_the_shelf,0,268,13,b7bbd8f978206de1e23ff3a5a0eb33d25f00f70c31f8d958da467ae08a9aaa2e,libero_90-task87-episode0-seed268,true,16,2,0.12500000,16,2,0.12500000
libero90-task87-trial1,87,STUDY_SCENE4_pick_up_the_book_on_the_left_and_place_it_on_top_of_the_shelf,1,269,14,d015501c0ac95d0a1e886a867d8bbd43030c0220209cfae4943aa7931e4cf0e0,libero_90-task87-episode1-seed269,true,14,1,0.07142857,14,1,0.07142857
libero90-task87-trial2,87,STUDY_SCENE4_pick_up_the_book_on_the_left_and_place_it_on_top_of_the_shelf,2,270,15,d0d822e6c4994b1ea3fc1f046af0005ba1dd86983bc1bd664c3a11a4dbc5cc9e,libero_90-task87-episode2-seed270,true,15,1,0.06666667,14,0,0.00000000
libero90-task88-trial0,88,STUDY_SCENE4_pick_up_the_book_on_the_right_and_place_it_on_the_cabinet_shelf,0,271,13,1b28356e0b4d2969c629b9acb0bf893873734ba37581edf1246b0166f81d7331,libero_90-task88-episode0-seed271,true,10,0,0.00000000,10,0,0.00000000
libero90-task88-trial1,88,STUDY_SCENE4_pick_up_the_book_on_the_right_and_place_it_on_the_cabinet_shelf,1,272,14,90bf3b8d0922e725d6329622c98f30940530d90cffbf64c5c05685f311c739f2,libero_90-task88-episode1-seed272,true,12,1,0.08333333,12,1,0.08333333
libero90-task88-trial2,88,STUDY_SCENE4_pick_up_the_book_on_the_right_and_place_it_on_the_cabinet_shelf,2,273,15,c0ff302b5408d8019b11d9c67b060d9994416917c10f5fcde6f7f9b42e9b5da9,libero_90-task88-episode2-seed273,true,10,1,0.10000000,10,1,0.10000000
libero90-task89-trial0,89,STUDY_SCENE4_pick_up_the_book_on_the_right_and_place_it_under_the_cabinet_shelf,0,274,13,32d5f6ce69b7abbbae36ac0617ab1a7e3c31b614ee28d3e6ea514cc1a1592954,libero_90-task89-episode0-seed274,true,10,1,0.10000000,9,0,0.00000000
libero90-task89-trial1,89,STUDY_SCENE4_pick_up_the_book_on_the_right_and_place_it_under_the_cabinet_shelf,1,275,14,8554c45f4a9c1d4f34ff2fc3d06e9bbea8382b30fec581a6011929a7c3f7e931,libero_90-task89-episode1-seed275,true,9,0,0.00000000,9,0,0.00000000
libero90-task89-trial2,89,STUDY_SCENE4_pick_up_the_book_on_the_right_and_place_it_under_the_cabinet_shelf,2,276,15,efc4119a25a946daa2270e9eeb5d4d1e5cd062038961ca1d45bbe7f15bf6bca8,libero_90-task89-episode2-seed276,true,12,0,0.00000000,12,0,0.00000000
